{
  "id": "4941321",
  "name": "图标",
  "font_family": "iconfont",
  "css_prefix_text": "icon-",
  "description": "",
  "glyphs": [
    {
      "icon_id": "44476269",
      "name": "安全帮助",
      "font_class": "anquanbangzhu",
      "unicode": "e705",
      "unicode_decimal": 59141
    },
    {
      "icon_id": "44476271",
      "name": "爱心之家",
      "font_class": "aixinzhijia",
      "unicode": "e706",
      "unicode_decimal": 59142
    },
    {
      "icon_id": "44476278",
      "name": "定位",
      "font_class": "dingwei",
      "unicode": "e707",
      "unicode_decimal": 59143
    },
    {
      "icon_id": "44476279",
      "name": "村学校",
      "font_class": "cunxuexiao",
      "unicode": "e708",
      "unicode_decimal": 59144
    },
    {
      "icon_id": "44476280",
      "name": "房屋",
      "font_class": "fangwu",
      "unicode": "e709",
      "unicode_decimal": 59145
    },
    {
      "icon_id": "44476282",
      "name": "村委会",
      "font_class": "cunweihui",
      "unicode": "e70a",
      "unicode_decimal": 59146
    },
    {
      "icon_id": "44476287",
      "name": "房产抵押",
      "font_class": "fangchandiya",
      "unicode": "e70b",
      "unicode_decimal": 59147
    },
    {
      "icon_id": "44476296",
      "name": "公共报修",
      "font_class": "gonggongbaoxiu",
      "unicode": "e70c",
      "unicode_decimal": 59148
    }
  ]
}
